<?xml version="1.0" encoding="UTF-8"?>
<project-private xmlns="http://www.netbeans.org/ns/project-private/1">
    <editor-bookmarks xmlns="http://www.netbeans.org/ns/editor-bookmarks/2" lastBookmarkId="0"/>
    <open-files xmlns="http://www.netbeans.org/ns/projectui-open-files/2">
        <group>
            <file>file:/C:/Users/josem/OneDrive/Documentos/NetBeansProjects/KinalStore2020285/src/org/josepirir/controller/TipoProductoController.java</file>
            <file>file:/C:/Users/josem/OneDrive/Documentos/NetBeansProjects/KinalStore2020285/src/org/josepirir/system/Principal.java</file>
            <file>file:/C:/Users/josem/OneDrive/Documentos/NetBeansProjects/KinalStore2020285/src/org/josepirir/resource/KinalStoreCSS.css</file>
            <file>file:/C:/Users/josem/OneDrive/Documentos/NetBeansProjects/KinalStore2020285/src/org/josepirir/controller/MenuPrincipalController.java</file>
            <file>file:/C:/Users/josem/OneDrive/Documentos/NetBeansProjects/KinalStore2020285/src/org/josepirir/controller/ClienteController.java</file>
        </group>
    </open-files>
</project-private>
